{"_class":"document","do_objectID":"100118D5-1CBD-4D48-8368-D9A5E24BD3C8","assets":{"_class":"assetCollection","colors":[],"gradients":[],"imageCollection":{"_class":"imageCollection","images":{}},"images":[]},"colorSpace":0,"currentPageIndex":0,"foreignLayerStyles":[],"foreignSymbols":[],"foreignTextStyles":[],"layerStyles":{"_class":"sharedStyleContainer","objects":[]},"layerSymbols":{"_class":"symbolContainer","objects":[]},"layerTextStyles":{"_class":"sharedTextStyleContainer","objects":[{"_class":"sharedStyle","do_objectID":"0779C0B7-EF28-4209-851C-74939D79866A","name":"Меню на каждый день Style","value":{"_class":"style","endMarkerType":0,"miterLimit":10,"sharedObjectID":"0779C0B7-EF28-4209-851C-74939D79866A","startMarkerType":0,"textStyle":{"_class":"textStyle","encodedAttributes":{"MSAttributedStringFontAttribute":{"_class":"UIFontDescriptor","attributes":{"name":"AppleSDGothicNeo-ExtraBold","size":62}},"MSAttributedStringColorAttribute":{"_class":"color","alpha":1,"blue":0,"green":0,"red":0},"paragraphStyle":{"_class":"paragraphStyle","alignment":2,"maximumLineHeight":101,"minimumLineHeight":101}},"verticalAlignment":0},"windingRule":1}}]},"pages":[{"_class":"MSJSONFileReference","_ref_class":"MSImmutablePage","_ref":"pages\/1E4D7B30-B9B8-4504-8EBB-F32964429B7F"}]}