{"commit":"a9a8e0cffcaebe58914746cb1ab8f707ba873565","pagesAndArtboards":{"1E4D7B30-B9B8-4504-8EBB-F32964429B7F":{"name":"Page 1","artboards":{"D6438D3F-EB12-41DC-A397-F03F0851CC18":{"name":"Desktop HD Copy"},"8B7F96AB-4FAC-4D7F-8A65-07C9ACDC6F2F":{"name":"Desktop HD"},"3CE4001F-1BF9-4E38-ACAD-F596C534EC56":{"name":"Desktop HD Copy 2"}}}},"version":105,"fonts":["AppleSDGothicNeo-ExtraBold","AppleSDGothicNeo-Regular","AppleSDGothicNeo-Medium","AppleSDGothicNeo-Bold","AppleSDGothicNeo-UltraLight"],"compatibilityVersion":99,"app":"com.bohemiancoding.sketch3","autosaved":0,"variant":"NONAPPSTORE","created":{"commit":"a9a8e0cffcaebe58914746cb1ab8f707ba873565","appVersion":"51.3","build":57544,"app":"com.bohemiancoding.sketch3","compatibilityVersion":99,"version":105,"variant":"NONAPPSTORE"},"saveHistory":["NONAPPSTORE.57544"],"appVersion":"51.3","build":57544}